{
    "$schema": "https://schemas.wp.org/wp/6.9/theme.json",
    "version": 3,
    "settings": {
        "appearanceTools": true,
        "color": {
            "custom": true,
            "defaultPalette": false,
            "palette": [
                {
                    "color": "#e60000",
                    "name": "Zamkai Primary",
                    "slug": "zk-primary"
                },
                {
                    "color": "#ff1a1a",
                    "name": "Zamkai Seconday",
                    "slug": "zk-secondary"
                },
                {
                    "color": "#00d4ff",
                    "name": "Zamkai Accent",
                    "slug": "zk-accent"
                },
                {
                    "color": "#f8f9fa",
                    "name": "Zamkai Background",
                    "slug": "zk-background"
                },
                {
                    "color": "#121212",
                    "name": "Zamkai Dark Background",
                    "slug": "zk-dark-background"
                },
                {
                    "color": "#333333",
                    "name": "Zamkai Text",
                    "slug": "zk-text"
                },
                {
                    "color": "#ffffff",
                    "name": "Zamkai Alt Text",
                    "slug": "zk-alt-text"
                }
            ]
        },
        "layout": {
            "contentSize": "1170px",
            "wideSize": "1400px"
        },
        "spacing": {
            "units": [
                "%",
                "px",
                "em",
                "rem",
                "vh",
                "vw"
            ]
        },
        "typography": {
            "defaultFontSizes": false,
            "fluid": true,
            "fontFamilies": [
                {
                    "fontFamily": "-apple-system, BlinkMacSystemFont, 'Segoe UI', Roboto, Oxygen-Sans, Ubuntu, Cantarell, 'Helvetica Neue', sans-serif",
                    "name": "System Font",
                    "slug": "system-font"
                },
                {
                    "name": "Instrument Sans",
                    "slug": "instrument-sans",
                    "fontFamily": "\"Instrument Sans\", sans-serif",
                    "fontFace": [
                        {
                            "src": [
                                "file:./assets/fonts/instrument-sans/instrument-sans-400-normal.woff2"
                            ],
                            "fontWeight": "400",
                            "fontStyle": "normal",
                            "fontFamily": "\"Instrument Sans\""
                        },
                        {
                            "src": [
                                "file:./assets/fonts/instrument-sans/instrument-sans-500-normal.woff2"
                            ],
                            "fontWeight": "500",
                            "fontStyle": "normal",
                            "fontFamily": "\"Instrument Sans\""
                        },
                        {
                            "src": [
                                "file:./assets/fonts/instrument-sans/instrument-sans-600-normal.woff2"
                            ],
                            "fontWeight": "600",
                            "fontStyle": "normal",
                            "fontFamily": "\"Instrument Sans\""
                        },
                        {
                            "src": [
                                "file:./assets/fonts/instrument-sans/instrument-sans-700-normal.woff2"
                            ],
                            "fontWeight": "700",
                            "fontStyle": "normal",
                            "fontFamily": "\"Instrument Sans\""
                        },
                        {
                            "src": [
                                "file:./assets/fonts/instrument-sans/instrument-sans-400-italic.woff2"
                            ],
                            "fontWeight": "400",
                            "fontStyle": "italic",
                            "fontFamily": "\"Instrument Sans\""
                        },
                        {
                            "src": [
                                "file:./assets/fonts/instrument-sans/instrument-sans-500-italic.woff2"
                            ],
                            "fontWeight": "500",
                            "fontStyle": "italic",
                            "fontFamily": "\"Instrument Sans\""
                        },
                        {
                            "src": [
                                "file:./assets/fonts/instrument-sans/instrument-sans-600-italic.woff2"
                            ],
                            "fontWeight": "600",
                            "fontStyle": "italic",
                            "fontFamily": "\"Instrument Sans\""
                        },
                        {
                            "src": [
                                "file:./assets/fonts/instrument-sans/instrument-sans-700-italic.woff2"
                            ],
                            "fontWeight": "700",
                            "fontStyle": "italic",
                            "fontFamily": "\"Instrument Sans\""
                        }
                    ]
                },
                {
                    "name": "Instrument Serif",
                    "slug": "instrument-serif",
                    "fontFamily": "\"Instrument Serif\", serif",
                    "fontFace": [
                        {
                            "src": [
                                "file:./assets/fonts/instrument-serif/instrument-serif-400-normal.woff2"
                            ],
                            "fontWeight": "400",
                            "fontStyle": "normal",
                            "fontFamily": "\"Instrument Serif\""
                        },
                        {
                            "src": [
                                "file:./assets/fonts/instrument-serif/instrument-serif-400-italic.woff2"
                            ],
                            "fontWeight": "400",
                            "fontStyle": "italic",
                            "fontFamily": "\"Instrument Serif\""
                        }
                    ]
                }
            ],
            "fontSizes": [
                {
                    "fluid": {
                        "max": "0.875rem",
                        "min": "0.75rem"
                    },
                    "name": "Tiny",
                    "size": "0.875rem",
                    "slug": "tiny"
                },
                {
                    "fluid": {
                        "max": "1rem",
                        "min": "0.875rem"
                    },
                    "name": "Small",
                    "size": "1rem",
                    "slug": "small"
                },
                {
                    "fluid": {
                        "max": "1.125rem",
                        "min": "1rem"
                    },
                    "name": "Normal",
                    "size": "1.125rem",
                    "slug": "normal"
                },
                {
                    "fluid": {
                        "max": "1.375rem",
                        "min": "1.125rem"
                    },
                    "name": "Medium",
                    "size": "1.375rem",
                    "slug": "medium"
                },
                {
                    "fluid": {
                        "max": "2rem",
                        "min": "1.375rem"
                    },
                    "name": "Large",
                    "size": "2rem",
                    "slug": "large"
                },
                {
                    "fluid": {
                        "max": "3rem",
                        "min": "2rem"
                    },
                    "name": "XL",
                    "size": "3rem",
                    "slug": "xl"
                },
                {
                    "fluid": {
                        "max": "4.375rem",
                        "min": "2.5rem"
                    },
                    "name": "Humungous",
                    "size": "4.375rem",
                    "slug": "humungous"
                },
                {
                    "fluid": {
                        "max": "4.688rem",
                        "min": "3rem"
                    },
                    "name": "Ginormasauras",
                    "size": "4.688rem",
                    "slug": "ginormasauras"
                }
            ]
        },
        "useRootPaddingAwareAlignments": true
    },
    "styles": {
        "color": {
            "background": "var(--wp--preset--color--zk-background)",
            "text": "var(--wp--preset--color--zk-text)"
        },
        "elements": {
            "button": {
                "color": {
                    "background": "var(--wp--preset--color--zk-primary)",
                    "text": "var(--wp--preset--color--zk-background)"
                }
            },
            "caption": {
                "color": {
                    "text": "var(--wp--preset--color--zk-text)"
                }
            },
            "h1": {
                "typography": {
                    "fontSize": "var(--wp--preset--font-size--large)"
                }
            },
            "h2": {
                "typography": {
                    "fontSize": "var(--wp--preset--font-size--large)"
                }
            },
            "h3": {
                "typography": {
                    "fontSize": "var(--wp--preset--font-size--medium)"
                }
            },
            "h4": {
                "typography": {
                    "fontSize": "var(--wp--preset--font-size--small)"
                }
            },
            "heading": {
                "color": {
                    "text": "var(--wp--preset--color--zk-text)"
                },
                "typography": {
                    "fontFamily": "var(--wp--preset--font-family--instrument-serif)",
                    "letterSpacing": "2px"
                }
            },
            "link": {
                ":hover": {
                    "color": {
                        "text": "var(--wp--preset--color--zk-text)"
                    }
                },
                "color": {
                    "text": "var(--wp--preset--color--zk-accent)"
                }
            }
        },
        "typography": {
            "fontFamily": "var(--wp--preset--font-family--instrument-sans)"
        }
    },
    "templateParts": [
        {
            "area": "header",
            "name": "header"
        },
        {
            "area": "footer",
            "name": "footer"
        }
    ]
}